<?xml version="1.0" encoding="UTF-8"?>
<module id="drd+2">
	<stats>
	</stats>
	<skills>
	</skills>
	<weapons>
		<weapon id="small_axe">
			<!-- 1H = 1-ruční -->
			<!-- F = využívá stejnou ruku -->
			
			<!-- slash_damage = sečné zranění -->
			<!-- piercing_damage = bodné zranění -->
			<!-- blunt_damage = drtivé zranění -->
			
			<!-- dále napsaná zbraň slouží jako příklad, je nutno je opravit -->
			
			<f2f name="lehká sekera" 
				skill="weapon.sekery" hand="1H" strength="3" length="0"
				attack="2" slash_damage="3" blunt_damage="1"/>
			<ranged name="lehká vrhací sekera" 
				skill="weapon.vrhaci" hand="1HF" strength="3" strength_loading="3"
				attack="2" slash_damage="3" blunt_damage="3" distance="17"/>
			<defense name="lehká sekera" 
				skill="weapon.sekery" hand="1HF" strength="3"
				defense="2"/>
		</weapon>
	</weapons>
	<armors>
	</armors>
</module>